<?xml version="1.0" encoding="UTF-8" standalone="yes"?>
<addon id="plugin.program.dwnewwizard" name="DAVES_NEW_WIZARD" version="7.0.2" provider-name="DW">
  <requires>
    <import addon="xbmc.python" version="2.1.0"/>
  </requires>
  <extension point="xbmc.python.pluginsource" library="default.py">
        <provides>executable</provides>
  </extension>
  <extension point="xbmc.service" library="startup.py" start="startup" />
  <extension point="xbmc.addon.metadata">
    <summary lang="en">DAVES_NEW_WIZARD</summary>
    <description lang="en">New experimental wizard</description>
    <platform>all</platform>
  </extension>
</addon>